{"flutter":{"platforms":{"android":{"default":{"projectId":"todolist-4df62","appId":"1:201888557879:android:d79ad032439f20093b08b2","fileOutput":"android/app/google-services.json"}},"dart":{"lib/firebase_options.dart":{"projectId":"todolist-4df62","configurations":{"android":"1:201888557879:android:d79ad032439f20093b08b2","ios":"1:201888557879:ios:9e194e669fc6eb803b08b2","macos":"1:201888557879:ios:9e194e669fc6eb803b08b2","web":"1:201888557879:web:0748e593b2ef844c3b08b2","windows":"1:201888557879:web:c9fa14d35b6146233b08b2"}}}}}}